Make,Model,n,Model_is_base,Model_agg
ACURA,3.2 CL,1,1,
ACURA,3.2 CL 3.2L V 6 NA S,3,,3.2 CL
ACURA,3.2 TL,8,1,
ACURA,3.2 TL 3.2L V6 EFI,5,,3.2 TL
ACURA,3.2 TL 3.2L V6 FI DO,2,,3.2 TL
ACURA,MDX 4WD,3,1,
ACURA,MDX 4WD 3.5L V6 EFI,1,,MDX 4WD
ACURA,MDX 4WD 3.5L V6 SOHC,1,,MDX 4WD
ACURA,RSX,2,1,
ACURA,TL,3,1,
ACURA,TSX,4,1,
BUICK,CENTURY V6,81,1,
BUICK,CENTURY V6 3.1L V6 S,103,,CENTURY V6
BUICK,LACROSSE,97,1,
BUICK,LACROSSE 3.6L V6 SFI,3,,LACROSSE
BUICK,LACROSSE 3.8L V6 SFI,43,,LACROSSE
BUICK,LE SABRE,64,1,
BUICK,LE SABRE 3.8L V6 MFI,38,,LE SABRE
BUICK,LE SABRE 3.8L V6 MPI,3,,LE SABRE
BUICK,LE SABRE Unspecified,38,,LE SABRE
BUICK,LUCERNE V6,8,1,
BUICK,LUCERNE V6 3.8L V6 S,3,,LUCERNE V6
BUICK,PARK AVENUE,9,1,
BUICK,PARK AVENUE 3.8L V6,6,,PARK AVENUE
BUICK,RAINIER AWD V6,8,1,RAINIER
BUICK,RAINIER AWD V6 4.2L,4,,RAINIER
BUICK,RAINIER AWD V8,1,,RAINIER
BUICK,RAINIER RWD V6,7,,RAINIER
BUICK,RAINIER RWD V6 4.2L,3,,RAINIER
BUICK,RAINIER RWD V8,3,,RAINIER
BUICK,RAINIER RWD V8 5.3L,2,,RAINIER
BUICK,REGAL,21,1,
BUICK,REGAL 3.8L V6 MFI,13,,REGAL
BUICK,REGAL 3.8L V6 MFI SC,6,,REGAL
BUICK,REGAL 3.8L V6 SFI,2,,REGAL
BUICK,RENDEZVOUS AWD,29,,RENDEZVOUS
BUICK,RENDEZVOUS AWD 3.4L,5,,RENDEZVOUS
BUICK,RENDEZVOUS AWD 3.5L,1,,RENDEZVOUS
BUICK,RENDEZVOUS FWD,88,1,RENDEZVOUS
BUICK,RENDEZVOUS FWD 3.4L,13,,RENDEZVOUS
BUICK,RENDEZVOUS FWD 3.5L,3,,RENDEZVOUS
BUICK,TERRAZA FWD V6,11,1,TERRAZA
BUICK,TERRAZA FWD V6 3.5L,4,,TERRAZA
CADILLAC,CTS,17,1,
CADILLAC,CTS 3.2L V6 SFI,2,,CTS
CADILLAC,CTS 3.6L V6 SFI,3,,CTS
CADILLAC,ESCALADE 2WD,1,1,
CADILLAC,SRX AWD V6,4,1,SRX
CADILLAC,SRX AWD V6 3.6L V6 S,3,,SRX
CADILLAC,SRX AWD V8 4.6L V8 S,1,,SRX
CADILLAC,STS V6,2,1,
CHEVROLET,1500 SILVERADO PICKU,596,1,SILVERADO
CHEVROLET,1500HD SILVERADO PIC,8,,SILVERADO
CHEVROLET,2500 SILVERADO PICKU,2,,SILVERADO
CHEVROLET,2500HD SILVERADO PIC,10,,SILVERADO
CHEVROLET,AVALANCHE 1500 2WD V,110,1,AVALANCHE
CHEVROLET,AVALANCHE 1500 4WD V,14,,AVALANCHE
CHEVROLET,AVALANCHE 2500 2WD V,1,,AVALANCHE
CHEVROLET,AVEO,384,1,
CHEVROLET,AVEO 1.6L I-4 EFI DO,36,,AVEO
CHEVROLET,AVEO 1.6L I-4 MPI DO,36,,AVEO
CHEVROLET,AVEO 1.6L I4 DOHC,7,,AVEO
CHEVROLET,AVEO 1.6L I4 EFI,91,,AVEO
CHEVROLET,AVEO 1.6L I4 EFI / M,15,,AVEO
CHEVROLET,CAMARO V6,6,1,
CHEVROLET,CAMARO V6 3.8L V6 MF,8,,CAMARO V6
CHEVROLET,CAVALIER 4C,236,1,
CHEVROLET,CAVALIER 4C 2.2L I-4,17,,CAVALIER 4C
CHEVROLET,CAVALIER 4C 2.2L I 4,4,,CAVALIER 4C
CHEVROLET,CAVALIER 4C 2.2L I4,276,,CAVALIER 4C
CHEVROLET,CAVALIER 4C 2.4L I-4,2,,CAVALIER 4C
CHEVROLET,COBALT,1106,1,
CHEVROLET,COBALT 2.2L I-4 MPI,6,,COBALT
CHEVROLET,COBALT 2.2L I4 MPI,430,,COBALT
CHEVROLET,COBALT 2.2L I4 MPI /,36,,COBALT
CHEVROLET,COLORADO PICKUP 2WD,134,1,COLORADO PICKUP
CHEVROLET,COLORADO PICKUP 4WD,3,,COLORADO PICKUP
CHEVROLET,EQUINOX AWD V6,104,,EQUINOX
CHEVROLET,EQUINOX AWD V6 3.4L,124,,EQUINOX
CHEVROLET,EQUINOX FWD V6,333,1,EQUINOX
CHEVROLET,EQUINOX FWD V6 3.4L,176,,EQUINOX
CHEVROLET,HHR,549,1,
CHEVROLET,HHR 2.2L I-4 MPI DOH,7,,HHR
CHEVROLET,HHR 2.2L I4 MPI,100,,HHR
CHEVROLET,HHR 2.2L I4 MPI / SF,51,,HHR
CHEVROLET,HHR 2.4L I-4 MPI,23,,HHR
CHEVROLET,HHR 2.4L I4 MPI,12,,HHR
CHEVROLET,HHR 2.4L I4 MPI / SF,3,,HHR
CHEVROLET,IMPALA,1990,1,
CHEVROLET,IMPALA 3.4L V6 SFI,505,,IMPALA V6
CHEVROLET,IMPALA 3.5L V6 MPI /,1,,IMPALA V6
CHEVROLET,IMPALA 3.5L V6 SFI,827,,IMPALA V6
CHEVROLET,IMPALA 3.5L V6 SFI F,22,,IMPALA V6
CHEVROLET,IMPALA 3.8L V6 MFI,32,,IMPALA V6
CHEVROLET,IMPALA 3.8L V6 MFI S,3,,IMPALA V6
CHEVROLET,IMPALA 3.8L V6 SFI,47,,IMPALA V6
CHEVROLET,IMPALA 3.9L V6 SFI,38,,IMPALA V6
CHEVROLET,IMPALA 5.3L V8 SFI,1,,IMPALA V6
CHEVROLET,IMPALA V6,1062,1,
CHEVROLET,IMPALA V6 3.5L V6 MP,11,,IMPALA V6
CHEVROLET,IMPALA V6 3.5L V6 SF,228,,IMPALA V6
CHEVROLET,IMPALA V6 3.9L V6 SF,17,,IMPALA V6
CHEVROLET,MALIBU 4C,1225,1,MALIBU
CHEVROLET,MALIBU 4C 2.2L I-4 M,1,,MALIBU
CHEVROLET,MALIBU 4C 2.2L I4 MF,37,,MALIBU
CHEVROLET,MALIBU 4C 2.2L I4 MP,715,,MALIBU
CHEVROLET,MALIBU 4C 2.4L I4 MP,1,,MALIBU
CHEVROLET,MALIBU HYBRID,1,,MALIBU
CHEVROLET,MALIBU MAXX V6,251,,MALIBU V6
CHEVROLET,MALIBU MAXX V6 3.5L,149,,MALIBU V6
CHEVROLET,MALIBU V6,586,1,MALIBU V6
CHEVROLET,MALIBU V6 3.1L V6 SF,118,,MALIBU V6
CHEVROLET,MALIBU V6 3.5L V6 MF,23,,MALIBU V6
CHEVROLET,MALIBU V6 3.5L V6 SF,303,,MALIBU V6
CHEVROLET,MONTE CARLO,178,1,
CHEVROLET,MONTE CARLO 3.4L V6,95,,MONTE CARLO
CHEVROLET,MONTE CARLO 3.5L V6,26,,MONTE CARLO
CHEVROLET,MONTE CARLO 3.8L V6,32,,MONTE CARLO
CHEVROLET,MONTE CARLO 3.9L V6,10,,MONTE CARLO
CHEVROLET,PRIZM,3,1,
CHEVROLET,PRIZM 1.8L I-4 SFI D,1,,PRIZM
CHEVROLET,S10 PICKUP 2WD 4C,19,1,S10
CHEVROLET,S10 PICKUP 2WD 4C 2.,19,1,S10
CHEVROLET,S10 PICKUP 2WD V6,8,,S10
CHEVROLET,S10 PICKUP 2WD V6 4.,3,,S10
CHEVROLET,S10 PICKUP 2WD V6 MF,5,,S10
CHEVROLET,S10 PICKUP 4WD V6,1,,S10
CHEVROLET,S10 PICKUP 4WD V6 4.,1,,S10
CHEVROLET,S10 PICKUP 4WD V6 MF,1,,S10
CHEVROLET,SUBURBAN 1500 2WD,52,1,SUBURBAN
CHEVROLET,SUBURBAN 1500 2WD 5.,53,1,SUBURBAN
CHEVROLET,SUBURBAN 1500 4WD,16,,SUBURBAN
CHEVROLET,SUBURBAN 1500 4WD 5.,16,,SUBURBAN
CHEVROLET,SUBURBAN 2500 4WD,1,,SUBURBAN
CHEVROLET,SUBURBAN 2500 4WD 6.,1,,SUBURBAN
CHEVROLET,TAHOE 2WD,98,1,TAHOE
CHEVROLET,TAHOE 2WD 4.8L V8 SF,56,,TAHOE
CHEVROLET,TAHOE 2WD 5.3L V8 SF,64,,TAHOE
CHEVROLET,TAHOE 4WD,27,,TAHOE
CHEVROLET,TAHOE 4WD 4.8L V8 SF,7,,TAHOE
CHEVROLET,TAHOE 4WD 5.3L V8 SF,44,,TAHOE
CHEVROLET,TRACKER 2WD 4C,9,1,TRACKER
CHEVROLET,TRACKER 2WD 4C 2.0L,15,,TRACKER
CHEVROLET,TRACKER 2WD V6,9,,TRACKER
CHEVROLET,TRACKER 2WD V6 2.5L,5,,TRACKER
CHEVROLET,TRACKER 4WD 4C,2,,TRACKER
CHEVROLET,TRACKER 4WD 4C 2.0L,2,,TRACKER
CHEVROLET,TRACKER 4WD V6,3,,TRACKER
CHEVROLET,TRACKER 4WD V6 2.5L,5,,TRACKER
CHEVROLET,TRAILBLAZER 2WD 6C,497,1,TRAILBLAZER
CHEVROLET,TRAILBLAZER 2WD 6C 4,395,,TRAILBLAZER
CHEVROLET,TRAILBLAZER 2WD V8,3,,TRAILBLAZER
CHEVROLET,TRAILBLAZER 4WD 6C,264,,TRAILBLAZER
CHEVROLET,TRAILBLAZER 4WD 6C 4,264,,TRAILBLAZER
CHEVROLET,TRAILBLAZER 4WD V8,1,,TRAILBLAZER
CHEVROLET,TRAILBLAZER EXT 2WD,200,,TRAILBLAZER
CHEVROLET,TRAILBLAZER EXT 4WD,160,,TRAILBLAZER
CHEVROLET,UPLANDER,1,,
CHEVROLET,UPLANDER AWD V6,5,,UPLANDER
CHEVROLET,UPLANDER AWD V6 3.5L,7,,UPLANDER
CHEVROLET,UPLANDER FWD V6,542,1,UPLANDER
CHEVROLET,UPLANDER FWD V6 3.5L,272,,UPLANDER
CHEVROLET,UPLANDER FWD V6 3.9L,148,,UPLANDER
CHEVROLET,VENTURE AWD V6,3,,VENTURE
CHEVROLET,VENTURE AWD V6 3.4L,6,,VENTURE
CHEVROLET,VENTURE FWD V6,175,1,VENTURE
CHEVROLET,VENTURE FWD V6 3.4L,165,,VENTURE
CHEVROLET,VENTURE FWD V6 3.5L,3,,VENTURE
CHRYSLER,300,237,1,
CHRYSLER,300 2.7L V6 MPI,174,,300
CHRYSLER,300 3.5L / 6.0L V12,10,,300
CHRYSLER,300 3.5L V6 MPI,22,,300
CHRYSLER,300 3.5L V6 MPI / SM,26,,300
CHRYSLER,300C,5,,300
CHRYSLER,300C 5.7L V8 SFI,1,,300
CHRYSLER,300C 5.7L V8 SFI / S,1,,300
CHRYSLER,300M,11,,300
CHRYSLER,300M 3.5L V6 MPI,8,,300
CHRYSLER,300M 3.5L V6 MPI HO,2,,300
CHRYSLER,ASPEN 2WD V8,4,1,
CHRYSLER,CONCORDE,21,1,
CHRYSLER,CONCORDE 2.7L V6 SFI,3,,CONCORDE
CHRYSLER,CONCORDE 3.2L V6 EFI,1,,CONCORDE
CHRYSLER,CONCORDE 3.5L V6 MPI,16,,CONCORDE
CHRYSLER,CROSSFIRE 3.2L V6 MP,2,,
CHRYSLER,LHS,1,1,
CHRYSLER,Pacifica,1,,PACIFICA
CHRYSLER,PACIFICA AWD,101,,PACIFICA
CHRYSLER,PACIFICA AWD 3.5L V6,93,,PACIFICA
CHRYSLER,PACIFICA AWD 4.0L V6,16,,PACIFICA
CHRYSLER,PACIFICA FWD,441,1,PACIFICA
CHRYSLER,PACIFICA FWD 3.5L V6,314,,PACIFICA
CHRYSLER,PACIFICA FWD 3.8L V6,122,,PACIFICA
CHRYSLER,PACIFICA FWD 4.0L V6,16,,PACIFICA
CHRYSLER,PT CRUISER,2329,1,
CHRYSLER,PT CRUISER 2.4L I-4,80,,PT CRUISER
CHRYSLER,PT CRUISER 2.4L I4 D,10,,PT CRUISER
CHRYSLER,PT CRUISER 2.4L I4 M,205,,PT CRUISER
CHRYSLER,PT CRUISER 2.4L I4 S,1104,,PT CRUISER
CHRYSLER,SEBRING 4C,1157,1,
CHRYSLER,SEBRING 4C 2.4L I-4,34,,SEBRING 4C
CHRYSLER,SEBRING 4C 2.4L I4 E,478,,SEBRING 4C
CHRYSLER,SEBRING 4C 2.4L I4 M,1,,SEBRING 4C
CHRYSLER,SEBRING 4C 2.4L I4 S,151,,SEBRING 4C
CHRYSLER,SEBRING V6,486,,
CHRYSLER,SEBRING V6 2.4L I4 S,2,,SEBRING V6
CHRYSLER,SEBRING V6 2.7L V6 M,179,,SEBRING V6
CHRYSLER,SEBRING V6 2.7L V6 S,1,,SEBRING V6
CHRYSLER,SEBRING V6 3.0L V6 M,22,,SEBRING V6
CHRYSLER,SEBRING V6 MFI V6 2.,31,,SEBRING V6
CHRYSLER,TOWN & COUNTRY 2WD V,379,1,TOWN & COUNTRY
CHRYSLER,TOWN & COUNTRY AWD V,2,,TOWN & COUNTRY
CHRYSLER,TOWN & COUNTRY FWD V,489,1,TOWN & COUNTRY
CHRYSLER,VOYAGER FWD 4C,6,1,VOYAGER
CHRYSLER,VOYAGER FWD 4C 2.4L,14,,VOYAGER
CHRYSLER,VOYAGER FWD V6,17,,VOYAGER
CHRYSLER,VOYAGER FWD V6 3.3L,18,,VOYAGER
DODGE,1500 RAM PICKUP 2WD,1101,1,RAM PICKUP
DODGE,1500 RAM PICKUP 4WD,57,,RAM PICKUP
DODGE,2500 RAM PICKUP 2WD,13,,RAM PICKUP
DODGE,2500 RAM PICKUP 4WD,3,,RAM PICKUP
DODGE,AVENGER,3,,
DODGE,AVENGER 4C,679,1,AVENGER
DODGE,AVENGER 4C 2.4L I4 S,384,,AVENGER
DODGE,AVENGER V6,71,,AVENGER
DODGE,AVENGER V6 2.7L V6 M,1,,AVENGER
DODGE,AVENGER V6 Unspecifi,4,,AVENGER
DODGE,CALIBER,1375,1,
DODGE,CALIBER 1.8L I4 SFI,1,,CALIBER
DODGE,CALIBER 2.0L I4 SFI,488,,CALIBER
DODGE,CARAVAN,2,,
DODGE,CARAVAN FWD 4C,104,1,CARAVAN
DODGE,CARAVAN FWD 4C 2.4L,86,,CARAVAN
DODGE,CARAVAN FWD V6,276,1,CARAVAN
DODGE,CARAVAN FWD V6 3.3L,367,,CARAVAN
DODGE,CARAVAN GRAND AWD V6,3,,CARAVAN GRAND
DODGE,CARAVAN GRAND FWD V6,1289,1,CARAVAN GRAND
DODGE,CARAVAN SE,1,,CARAVAN
DODGE,CHARGER,104,1,
DODGE,CHARGER 2.7L V6 MPI,99,,CHARGER V6
DODGE,CHARGER 3.5L V6 EFI,40,,CHARGER V6
DODGE,CHARGER V6,300,1,CHARGER V6
DODGE,CHARGER V6 2.7L V6 M,116,,CHARGER V6
DODGE,CHARGER V6 3.5L V6 E,24,,CHARGER V6
DODGE,DAKOTA PICKUP 2WD 4C,2,,DAKOTA PICKUP
DODGE,DAKOTA PICKUP 2WD V6,178,1,DAKOTA PICKUP
DODGE,DAKOTA PICKUP 2WD V8,76,,DAKOTA PICKUP
DODGE,DAKOTA PICKUP 4WD V6,8,,DAKOTA PICKUP
DODGE,DAKOTA PICKUP 4WD V8,4,,DAKOTA PICKUP
DODGE,DURANGO 2WD V6,143,1,DURANGO V6
DODGE,DURANGO 2WD V6 3.7L,79,,DURANGO V6
DODGE,DURANGO 2WD V8,484,,DURANGO V8
DODGE,DURANGO 2WD V8 4.7L,296,,DURANGO V8
DODGE,DURANGO 2WD V8 5.7L,60,,DURANGO V8
DODGE,DURANGO 2WD V8 5.9L,13,,DURANGO V8
DODGE,DURANGO 4WD V8,366,1,DURANGO V8
DODGE,DURANGO 4WD V8 4.7L,196,,DURANGO V8
DODGE,DURANGO 4WD V8 5.7L,45,,DURANGO V8
DODGE,DURANGO 4WD V8 5.9L,7,,DURANGO V8
DODGE,DURANGO 4WD V8 MFI V,1,,DURANGO V8
DODGE,DURANGO 4WD V8 SEFI,9,,DURANGO V8
DODGE,INTREPID,14,1,
DODGE,INTREPID 2.7L V6 SFI,5,,INTREPID
DODGE,INTREPID 3.5L V6 EFI,1,,INTREPID
DODGE,INTREPID 3.5L V6 MPI,15,,INTREPID
DODGE,JOURNEY FWD 4C,17,1,JOURNEY
DODGE,JOURNEY FWD V6,4,,JOURNEY
DODGE,MAGNUM V6,206,1,MAGNUM
DODGE,MAGNUM V6 2.7L V6 MP,237,1,MAGNUM
DODGE,MAGNUM V6 3.5L V6 MP,56,,MAGNUM
DODGE,MAGNUM V6 MFI V6 3.5,1,,MAGNUM
DODGE,MAGNUM V8,5,,MAGNUM
DODGE,MAGNUM V8 5.7L V8 SF,2,,MAGNUM
DODGE,NEON,375,1,
DODGE,NEON 2.0L I-4 SFI SO,5,,NEON
DODGE,NEON 2.0L I4 SFI,325,1,NEON
DODGE,NEON 2.0L I4 SFI / S,37,,NEON
DODGE,NITRO 2WD V6,69,1,NITRO
DODGE,NITRO 2WD V6 3.7L V6,13,,NITRO
DODGE,NITRO 4WD V6,29,,NITRO
DODGE,NITRO 4WD V6 3.7L V6,3,,NITRO
DODGE,STRATUS 4C,501,1,STRATUS 4C
DODGE,STRATUS 4C 2.4L I-4,16,,STRATUS 4C
DODGE,STRATUS 4C 2.4L I4 M,292,,STRATUS 4C
DODGE,STRATUS 4C 2.4L I4 S,181,,STRATUS 4C
DODGE,STRATUS V6,543,1,STRATUS V6
DODGE,STRATUS V6 2.4L I-4,4,,STRATUS V6
DODGE,STRATUS V6 2.7L V6 M,991,1,STRATUS V6
DODGE,STRATUS V6 2.7L V6 S,1,,STRATUS V6
DODGE,STRATUS V6 3.0L V6 E,6,,STRATUS V6
FORD,CROWN VICTORIA,6,1,
FORD,CROWN VICTORIA 4.6L,5,,CROWN VICTORIA
FORD,EDGE AWD V6,4,,EDGE
FORD,EDGE AWD V6 3.5L V6,1,,EDGE
FORD,EDGE FWD V6,9,1,EDGE
FORD,ESCAPE,1,,
FORD,ESCAPE 2WD 4C,157,1,ESCAPE
FORD,ESCAPE 2WD 4C 2.0L I,5,,ESCAPE
FORD,ESCAPE 2WD 4C 2.3L I,74,,ESCAPE
FORD,ESCAPE 2WD V6,179,1,ESCAPE
FORD,ESCAPE 2WD V6 3.0L V,130,,ESCAPE
FORD,ESCAPE 4WD 4C,14,,ESCAPE
FORD,ESCAPE 4WD 4C 2.3L I,7,,ESCAPE
FORD,ESCAPE 4WD V6,69,,ESCAPE
FORD,ESCAPE 4WD V6 3.0L V,62,,ESCAPE
FORD,ESCORT,1,,
FORD,ESCORT 2.0L I-4 EFI,5,,ESCORT
FORD,ESCORT 2.0L I-4 SPI,2,,ESCORT
FORD,ESCORT 2.0L I4 EFI,6,1,ESCORT
FORD,ESCORT 4-FI-2.0L,2,,ESCORT
FORD,EXCURSION 4WD V8 5.4,1,1,EXCURSION
FORD,EXPEDITION 2WD V8,249,1,EXPEDITION V8
FORD,EXPEDITION 2WD V8 4.,165,1,EXPEDITION V8
FORD,EXPEDITION 2WD V8 5.,114,1,EXPEDITION V8
FORD,EXPEDITION 4WD V8,82,,EXPEDITION V8
FORD,EXPEDITION 4WD V8 4.,29,,EXPEDITION V8
FORD,EXPEDITION 4WD V8 5.,87,,EXPEDITION V8
FORD,EXPLORER 2WD V6,239,1,EXPLORER
FORD,EXPLORER 2WD V6 4.0L,246,1,EXPLORER
FORD,EXPLORER 2WD V8,17,,EXPLORER
FORD,EXPLORER 2WD V8 4.6L,15,,EXPLORER
FORD,EXPLORER 4WD V6,146,,EXPLORER
FORD,EXPLORER 4WD V6 4.0L,114,,EXPLORER
FORD,EXPLORER 4WD V8,20,,EXPLORER
FORD,EXPLORER 4WD V8 4.6L,12,,EXPLORER
FORD,EXPLORER AWD V6,1,,EXPLORER
FORD,EXPLORER AWD V6 4.0L,2,,EXPLORER
FORD,F150 PICKUP 2WD V6,124,,F150 PICKUP
FORD,F150 PICKUP 2WD V6 4,111,,F150 PICKUP
FORD,F150 PICKUP 2WD V8,323,1,F150 PICKUP
FORD,F150 PICKUP 2WD V8 4,183,1,F150 PICKUP
FORD,F150 PICKUP 2WD V8 5,81,,F150 PICKUP
FORD,F150 PICKUP 4WD V6,3,,F150 PICKUP
FORD,F150 PICKUP 4WD V8,33,,F150 PICKUP
FORD,F150 PICKUP 4WD V8 4,13,,F150 PICKUP
FORD,F150 PICKUP 4WD V8 5,17,,F150 PICKUP
FORD,F250 PICKUP 2WD V8,5,,F150 PICKUP
FORD,F250 PICKUP 2WD V8 5,1,,F150 PICKUP
FORD,F250 PICKUP 4WD V8,1,,F150 PICKUP
FORD,FIVE HUNDRED,525,1,
FORD,FIVE HUNDRED 3.0L V6,440,,FIVE HUNDRED
FORD,FOCUS,909,1,
FORD,FOCUS 2.0L I-4 EFI D,3,,FOCUS
FORD,FOCUS 2.0L I-4 SFI D,45,,FOCUS
FORD,FOCUS 2.0L I-4 SFI S,15,,FOCUS
FORD,FOCUS 2.0L I-4 SPI,2,,FOCUS
FORD,FOCUS 2.0L I4 EFI,26,,FOCUS
FORD,FOCUS 2.0L I4 MFI /,13,,FOCUS
FORD,FOCUS 2.0L I4 SFI,302,,FOCUS
FORD,FOCUS 2.0L I4 SFI /,21,,FOCUS
FORD,FOCUS 2.0L I4 SPI,93,,FOCUS
FORD,FOCUS 2.3L I-4 DOHC,16,,FOCUS
FORD,FOCUS 2.3L I4 DOHC,33,,FOCUS
FORD,FOCUS 2.3L I4 MFI,2,,FOCUS
FORD,FOCUS 2.3L I4 SFI,11,,FOCUS
FORD,FOCUS Multiple Engin,2,,FOCUS
FORD,FREESTAR FWD V6,317,1,FREESTAR
FORD,FREESTAR FWD V6 3.9L,358,1,FREESTAR
FORD,FREESTAR FWD V6 4.2L,40,,FREESTAR
FORD,FREESTYLE 2WD V6,38,,FREESTYLE V6
FORD,FREESTYLE 2WD V6 3.0,22,,FREESTYLE V6
FORD,FREESTYLE AWD V6,23,,FREESTYLE V6
FORD,FREESTYLE AWD V6 3.0,24,,FREESTYLE V6
FORD,FREESTYLE FWD V6,141,1,FREESTYLE V6
FORD,FREESTYLE FWD V6 3.0,138,1,FREESTYLE V6
FORD,FUSION 4C,404,1,FUSION
FORD,FUSION 4C 2.3L I4 EF,96,,FUSION
FORD,FUSION V6,190,,FUSION
FORD,FUSION V6 3.0L V6 EF,33,,FUSION
FORD,MUSTANG V6,307,1,MUSTANG
FORD,MUSTANG V6 3.8L V6 E,110,,MUSTANG
FORD,MUSTANG V6 3.9L V6 E,60,,MUSTANG
FORD,MUSTANG V6 4.0L V6 E,71,,MUSTANG
FORD,MUSTANG V6 Unspecifi,11,,MUSTANG
FORD,MUSTANG V8,9,,MUSTANG
FORD,MUSTANG V8 4.6L V8 E,12,,MUSTANG
FORD,RANGER PICKUP 2WD 4C,105,1,RANGER PICKUP
FORD,RANGER PICKUP 2WD V6,142,1,RANGER PICKUP
FORD,RANGER PICKUP 4WD V6,13,,RANGER PICKUP
FORD,TAURUS,1425,1,
FORD,TAURUS 3.0L V6 EFI,1160,1,TAURUS
FORD,TAURUS 3.0L V6 EFI /,8,,TAURUS
FORD,TAURUS 3.0L V6 EFI D,22,,TAURUS
FORD,TAURUS 3.0L V6 EFI F,23,,TAURUS
FORD,TAURUS 3.0L V6 EFI S,23,,TAURUS
FORD,TAURUS 3.0L V6 SFI,52,,TAURUS
FORD,TAURUS 3.5L V6 24V /,6,,TAURUS
FORD,TAURUS X AWD V6,1,,TAURUS
FORD,TAURUS X FWD V6,34,,TAURUS
FORD,TAURUS X FWD V6 3.5L,2,,TAURUS
FORD,WINDSTAR FWD V6,112,1,WINDSTAR
FORD,WINDSTAR FWD V6 3.8L,142,1,WINDSTAR
GMC,1500 SIERRA PICKUP 2,132,1,1500 SIERRA PICKUP
GMC,1500 SIERRA PICKUP 4,4,,1500 SIERRA PICKUP
GMC,1500HD SIERRA PICKUP,1,,1500 SIERRA PICKUP
GMC,2500HD SIERRA PICKUP,1,,1500 SIERRA PICKUP
GMC,CANYON PICKUP 2WD 4C,7,1,CANYON PICKUP
GMC,CANYON PICKUP 2WD I5,9,1,CANYON PICKUP
GMC,CANYON PICKUP 4WD I5,1,,CANYON PICKUP
GMC,ENVOY 2WD 6C,87,1,ENVOY
GMC,ENVOY 2WD 6C 4.2L I-,16,,ENVOY
GMC,ENVOY 2WD 6C 4.2L I6,83,1,ENVOY
GMC,ENVOY 2WD V8,1,,ENVOY
GMC,ENVOY 4WD 6C,51,,ENVOY
GMC,ENVOY 4WD 6C 4.2L I-,7,,ENVOY
GMC,ENVOY 4WD 6C 4.2L I6,32,,ENVOY
GMC,ENVOY 4WD V8 5.3L V8,3,,ENVOY
GMC,ENVOY XL 2WD 6C,32,,ENVOY
GMC,ENVOY XL 2WD 6C 4.2L,25,,ENVOY
GMC,ENVOY XL 2WD V8,3,,ENVOY
GMC,ENVOY XL 2WD V8 5.3L,1,,ENVOY
GMC,ENVOY XL 4WD 6C,13,,ENVOY
GMC,ENVOY XL 4WD 6C 4.2L,9,,ENVOY
GMC,ENVOY XL 4WD V8,4,,ENVOY
GMC,ENVOY XL 4WD V8 5.3L,1,,ENVOY
GMC,SIERRA 1500,1,1,1500 SIERRA PICKUP
GMC,SONOMA PICKUP 2WD 4C,14,1,SONOMA PICKUP
GMC,SONOMA PICKUP 2WD V6,5,,SONOMA PICKUP
GMC,YUKON 2WD V8,21,1,YUKON
GMC,YUKON 2WD V8 4.8L V8,14,,YUKON
GMC,YUKON 2WD V8 5.3L V8,10,,YUKON
GMC,YUKON 4WD V8,6,,YUKON
GMC,YUKON 4WD V8 4.8L V8,2,,YUKON
GMC,YUKON 4WD V8 5.3L V8,8,,YUKON
GMC,YUKON AWD V8,1,,YUKON
GMC,YUKON XL 1500 2WD,16,,YUKON
GMC,YUKON XL 1500 2WD 5.,17,,YUKON
GMC,YUKON XL 1500 4WD,5,,YUKON
GMC,YUKON XL 1500 4WD 5.,4,,YUKON
GMC,YUKON XL 1500 AWD 6.,2,,YUKON
HONDA,ACCORD 4C,180,1,ACCORD
HONDA,ACCORD 4C 2.3L I-4 E,4,,ACCORD
HONDA,ACCORD 4C 2.3L I-4 S,2,,ACCORD
HONDA,ACCORD 4C 2.3L I4 EF,2,,ACCORD
HONDA,ACCORD 4C 2.4L I-4 M,22,,ACCORD
HONDA,ACCORD 4C 2.4L I4 MP,36,,ACCORD
HONDA,ACCORD 4C MFI I-4 2.,5,,ACCORD
HONDA,ACCORD V6,46,,ACCORD
HONDA,ACCORD V6 3.0L V6 EF,18,,ACCORD
HONDA,CIVIC,93,1,CIVIC
HONDA,CIVIC 1.7L I-4 MPI S,5,,CIVIC
HONDA,CIVIC 1.7L I4 MFI /,1,,CIVIC
HONDA,CIVIC 1.7L I4 MPI,3,,CIVIC
HONDA,CIVIC MFI I-4 1.7L S,1,,CIVIC
HONDA,CR-V 2WD,4,1,CR-V
HONDA,CR-V 2WD 2.0L I 4 NA,2,,CR-V
HONDA,CR-V 4WD,8,1,CR-V
HONDA,CR-V 4WD 2.0L I-4 MP,3,,CR-V
HONDA,CR-V 4WD 2.4L I4 MPI,1,,CR-V
HONDA,ELEMENT 2WD,24,1,ELEMENT
HONDA,ELEMENT 2WD 2.4L I-4,3,,ELEMENT
HONDA,ELEMENT 2WD 2.4L I4,4,,ELEMENT
HONDA,ELEMENT 4WD,6,,ELEMENT
HONDA,ELEMENT 4WD 2.4L I4,3,,ELEMENT
HONDA,FIT,1,1,
HONDA,ODYSSEY,3,1,ODYSSEY
HONDA,ODYSSEY 3.5L V6 MPI,2,,ODYSSEY
HONDA,PILOT,7,1,
HONDA,PILOT 3.5L V6 MPI,8,,PILOT
HUMMER,H3 3.5L I5 MPI / SFI,1,1,H3
HYUNDAI,ACCENT,160,1,
HYUNDAI,ACCENT 1.5L I-4 EFI,5,,ACCENT
HYUNDAI,ACCENT 1.6L I-4 MPI,5,,ACCENT
HYUNDAI,ACCENT 1.6L I4 MPI,89,,ACCENT
HYUNDAI,ACCENT MFI I-4 1.6L,8,,ACCENT
HYUNDAI,AZERA,6,1,
HYUNDAI,AZERA 3.8L V6 MPI,2,,AZERA
HYUNDAI,ELANTRA,341,1,
HYUNDAI,ELANTRA 2.0L I4 MPI,181,,ELANTRA
HYUNDAI,ELANTRA MFI I-4 2.0L,54,,ELANTRA
HYUNDAI,ENTOURAGE,2,1,
HYUNDAI,SANTA FE 2WD 4C,26,1,SANTA FE
HYUNDAI,SANTA FE 2WD 4C 2.4L,19,,SANTA FE
HYUNDAI,SANTA FE 2WD V6,68,1,SANTA FE
HYUNDAI,SANTA FE 2WD V6 2.7L,47,,SANTA FE
HYUNDAI,SANTA FE 2WD V6 3.5L,9,,SANTA FE
HYUNDAI,SANTA FE 4WD V6,14,,SANTA FE
HYUNDAI,SANTA FE 4WD V6 2.7L,19,,SANTA FE
HYUNDAI,SANTA FE 4WD V6 Unsp,1,,SANTA FE
HYUNDAI,SONATA 4C,202,1,SONATA
HYUNDAI,SONATA 4C 2.4L I-4 M,4,,SONATA
HYUNDAI,SONATA 4C 2.4L I4 MP,60,,SONATA
HYUNDAI,SONATA 4C MFI I-4 2.,8,,SONATA
HYUNDAI,SONATA V6,254,1,SONATA
HYUNDAI,SONATA V6 2.7L V6 MP,48,,SONATA
HYUNDAI,SONATA V6 3.3L V6 MP,54,,SONATA
HYUNDAI,SONATA V6 MFI V6 2.7,3,,SONATA
HYUNDAI,TIBURON,36,1,TIBURON
HYUNDAI,TIBURON 2.7L V6 MPI,4,,TIBURON
HYUNDAI,TIBURON MFI I-4 2.0L,4,,TIBURON
HYUNDAI,TIBURON MFI V6 2.7L,3,,TIBURON
HYUNDAI,TUCSON 2WD 4C,16,1,TUCSON
HYUNDAI,TUCSON 2WD 4C 2.0L I,10,1,TUCSON
HYUNDAI,TUCSON 2WD V6,11,,TUCSON
HYUNDAI,TUCSON 2WD V6 2.7L V,8,,TUCSON
HYUNDAI,TUCSON 2WD V6 MFI V6,2,,TUCSON
HYUNDAI,TUCSON 4WD 4C,1,,TUCSON
HYUNDAI,TUCSON 4WD V6,3,,TUCSON
HYUNDAI,TUCSON 4WD V6 2.7L V,2,,TUCSON
HYUNDAI,XG 300,3,1,
HYUNDAI,XG 300 Unspecified,2,,XG 300
HYUNDAI,XG 350,9,1,XG 350
HYUNDAI,XG 350 3.5L V6 EFI /,3,,XG 350
HYUNDAI,XG 350 3.5L V6 EFI D,5,,XG 350
INFINITI,FX35 AWD,1,1,
INFINITI,G20 2.0L I4 EFI,1,1,G20
INFINITI,G35,13,1,
INFINITI,G35 3.5L V6 DOHC,1,,G35
INFINITI,G35 3.5L V6 MPI,4,,G35
INFINITI,G35 3.5L V6 SMPI,1,,G35
INFINITI,I30,3,1,
INFINITI,I35,3,1,
INFINITI,I35 3.5L V6 MPI DOHC,3,1,I35
INFINITI,M35,2,1,
INFINITI,M35 3.5L V6 MPI,1,,M35
INFINITI,M45 4.5L V8 MPI,1,1,M45
INFINITI,M45 4.5L V8 MPI / SF,1,1,M45
INFINITI,QX4 2WD V6 3.5L V6 M,2,,QX4
INFINITI,QX4 4WD V6,5,1,QX4
ISUZU,ASCENDER 2WD 6C,69,1,ASCENDER
ISUZU,ASCENDER 2WD 6C 4.2L,42,,ASCENDER
ISUZU,ASCENDER 2WD V8 5.3L,1,,ASCENDER
ISUZU,ASCENDER 4WD 6C,5,,ASCENDER
ISUZU,ASCENDER 4WD 6C 4.2L,2,,ASCENDER
ISUZU,AXIOM 2WD V6,1,1,AXIOM
ISUZU,AXIOM 2WD V6 3.5L V6,5,1,AXIOM
ISUZU,AXIOM 4WD V6 3.5L V6,1,,AXIOM
ISUZU,I-280 PICKUP 2WD 4C,4,1,
ISUZU,I-290 PICKUP 2WD 4C,1,1,
ISUZU,I-370 PICKUP 2WD 5C,1,1,
ISUZU,RODEO 2WD 4C MFI I-4,1,1,RODEO
ISUZU,RODEO 2WD V6,1,,RODEO
JEEP,CHEROKEE 2WD 6C,1,1,CHEROKEE
JEEP,CHEROKEE 2WD 6C 4.0L,5,1,CHEROKEE
JEEP,CHEROKEE 4WD 6C,1,,CHEROKEE
JEEP,CHEROKEE 4WD 6C 4.0L,1,,CHEROKEE
JEEP,COMMANDER,1,1,
JEEP,COMMANDER 2WD V6,33,1,COMMANDER
JEEP,COMMANDER 2WD V6 3.7,12,,COMMANDER
JEEP,COMMANDER 2WD V8,15,,COMMANDER
JEEP,COMMANDER 2WD V8 4.7,5,,COMMANDER
JEEP,COMMANDER 4WD V6,19,,COMMANDER
JEEP,COMMANDER 4WD V6 3.7,8,,COMMANDER
JEEP,COMMANDER 4WD V8,5,,COMMANDER
JEEP,COMMANDER 4WD V8 4.7,4,,COMMANDER
JEEP,COMPASS 2WD 4C,7,1,COMPASS
JEEP,COMPASS 2WD 4C 2.0L,1,,COMPASS
JEEP,COMPASS 2WD 4C 2.4L,6,,COMPASS
JEEP,COMPASS 4WD 4C,7,,COMPASS
JEEP,COMPASS 4WD 4C 2.4L,2,,COMPASS
JEEP,COMPASS FWD 4C,68,1,COMPASS
JEEP,GRAND CHEROKEE 2WD 6,104,,GRAND CHEROKEE
JEEP,GRAND CHEROKEE 2WD V,274,1,GRAND CHEROKEE
JEEP,GRAND CHEROKEE 4WD 6,51,,GRAND CHEROKEE
JEEP,GRAND CHEROKEE 4WD V,136,,GRAND CHEROKEE
JEEP,LIBERTY 2WD 4C,15,,LIBERTY
JEEP,LIBERTY 2WD 4C 2.4L,6,,LIBERTY
JEEP,LIBERTY 2WD V6,239,1,LIBERTY
JEEP,LIBERTY 2WD V6 3.7L,168,,LIBERTY
JEEP,LIBERTY 4WD 4C,2,,LIBERTY
JEEP,LIBERTY 4WD V6,183,,LIBERTY
JEEP,LIBERTY 4WD V6 3.7L,154,,LIBERTY
JEEP,PATRIOT 2WD 4C,12,,PATRIOT
JEEP,PATRIOT 2WD 4C 2.0L,1,,PATRIOT
JEEP,PATRIOT 2WD 4C 2.4L,2,,PATRIOT
JEEP,PATRIOT 4WD 4C,30,,PATRIOT
JEEP,PATRIOT FWD 4C,58,1,PATRIOT
JEEP,WRANGLER 6C,3,1,WRANGLER
JEEP,WRANGLER 6C 4.0L I-6,5,,WRANGLER
KIA,AMANTI,23,1,
KIA,AMANTI 3.5L V6 MPI,18,,AMANTI
KIA,MAGENTIS 4C,2,1,
KIA,OPTIMA,1,,
KIA,OPTIMA 4C,296,1,OPTIMA
KIA,OPTIMA 4C 2.4L I 4 N,1,,OPTIMA
KIA,OPTIMA 4C 2.4L I4 MP,164,,OPTIMA
KIA,OPTIMA V6,85,,OPTIMA
KIA,OPTIMA V6 2.7L V6 MP,42,,OPTIMA
KIA,OPTIMA V6 MFI V6 2.7,10,,OPTIMA
KIA,RIO,201,1,
KIA,RIO 1.6L I4 MPI,68,,RIO
KIA,RIO 5,16,,RIO
KIA,RIO 5 1.6L I4 MPI,3,,RIO
KIA,RIO MFI I-4 1.6L DOH,27,,RIO
KIA,RONDO 4C,27,1,RONDO
KIA,RONDO 4C 2.4L I4 DI,1,,RONDO
KIA,RONDO 4C 2.4L I4 MPI,4,,RONDO
KIA,RONDO V6,28,,RONDO
KIA,RONDO V6 2.7L V6 DI,28,,RONDO
KIA,RONDO V6 2.7L V6 MPI,4,,RONDO
KIA,SEDONA,63,1,
KIA,SEDONA 3.5L V6 EFI,1,,SEDONA
KIA,SEDONA 3.8L V6 MPI,11,,SEDONA
KIA,SORENTO 2WD,148,1,SEDONA
KIA,SORENTO 2WD 3.5L V6,98,,SEDONA
KIA,SORENTO 2WD 3.8L V6,2,,SEDONA
KIA,SORENTO 4WD,31,,SEDONA
KIA,SORENTO 4WD 3.5L V6,28,,SEDONA
KIA,SPECTRA,674,1,
KIA,SPECTRA 1.8L I4 EFI,12,,SPECTRA
KIA,SPECTRA 2.0L I-4 EFI,12,,SPECTRA
KIA,SPECTRA 2.0L I4 EFI,281,,SPECTRA
KIA,SPECTRA 5,12,,SPECTRA
KIA,SPECTRA 5 2.0L I4 EF,4,,SPECTRA
KIA,SPECTRA 6-230/250-1V,2,,SPECTRA
KIA,SPORTAGE 2WD 4C,19,1,SPORTAGE
KIA,SPORTAGE 2WD 4C 2.0L,6,,SPORTAGE
KIA,SPORTAGE 2WD 4C 2.7L,2,,SPORTAGE
KIA,SPORTAGE 2WD 4C MFI,2,,SPORTAGE
KIA,SPORTAGE 2WD Multipl,3,,SPORTAGE
KIA,SPORTAGE 2WD V6,10,,SPORTAGE
KIA,SPORTAGE 2WD V6 2.7L,5,,SPORTAGE
KIA,SPORTAGE 4WD 2.0L I4,4,,SPORTAGE
KIA,SPORTAGE 4WD V6,5,,SPORTAGE
LEXUS,ES300,4,1,
LEXUS,ES300 3.0L V6 EFI,7,,ES300
LEXUS,ES300 3.0L V6 EFI DO,1,,ES300
LEXUS,ES330,4,1,
LEXUS,GS300,2,1,
LEXUS,GS300 3.0L I6 EFI,2,,GS300
LEXUS,GS450H,1,1,
LEXUS,GX470 4WD,1,1,
LEXUS,IS300,1,1,
LEXUS,RX300 2WD,3,1,RX300
LEXUS,RX300 2WD 3.0L V6 EF,2,,RX300
LEXUS,RX330 FWD,1,1,
LEXUS,RX400H AWD,2,1,
LINCOLN,AVIATOR 2WD V8,11,1,AVIATOR
LINCOLN,AVIATOR 2WD V8 4.6L,4,,AVIATOR
LINCOLN,AVIATOR AWD V8,2,,AVIATOR
LINCOLN,CONTINENTAL,7,1,
LINCOLN,CONTINENTAL 4.6L V8,4,,CONTINENTAL
LINCOLN,LS V6,2,1,LS
LINCOLN,LS V6 3.0L V6 EFI,1,,LS
LINCOLN,LS V6 3.0L V6 EFI DO,2,,LS
LINCOLN,LS V8,2,,LS
LINCOLN,LS V8 3.9L V8 EFI,1,,LS
LINCOLN,NAVIGATOR 2WD V8,4,1,NAVIGATOR
LINCOLN,NAVIGATOR 2WD V8 5.4,6,,NAVIGATOR
LINCOLN,NAVIGATOR 4WD V8,2,,NAVIGATOR
LINCOLN,NAVIGATOR 4WD V8 5.4,3,,NAVIGATOR
LINCOLN,TOWN CAR,16,1,
LINCOLN,TOWN CAR 4.6L V8 EFI,17,,TOWN CAR
LINCOLN,ZEPHYR,9,1,
LINCOLN,ZEPHYR 3.0L V6 SFI,4,,ZEPHYR
MAZDA,626 4C,4,1,626
MAZDA,626 4C 2.0L I-4 EFI,5,,626
MAZDA,626 4C 2.0L I4 EFI,1,,626
MAZDA,626 V6,1,,626
MAZDA,626 V6 2.5L V6 EFI D,3,,626
MAZDA,B2300 PICKUP 2WD 4C,11,1,
MAZDA,B3000 PICKUP 2WD V6,12,1,B3000 PICKUP
MAZDA,B3000 PICKUP 4WD V6,1,,B3000 PICKUP
MAZDA,CX-7 AWD 4C,1,,CX-7
MAZDA,CX-7 FWD 4C,1,1,CX-7
MAZDA,CX-7 FWD 4C 2.3L I4,1,,CX-7
MAZDA,MAZDA3,202,1,
MAZDA,MAZDA3 2.0L I-4 MPI,3,,MAZDA3
MAZDA,MAZDA3 2.0L I4 MFI /,3,,MAZDA3
MAZDA,MAZDA3 2.0L I4 MPI,9,,MAZDA3
MAZDA,MAZDA3 2.3L I-4 MPI,5,,MAZDA3
MAZDA,MAZDA3 2.3L I4 MFI /,1,,MAZDA3
MAZDA,MAZDA3 2.3L I4 MPI,9,,MAZDA3
MAZDA,MAZDA5,33,1,
MAZDA,MAZDA5 2.3L I4 MFI /,5,,MAZDA5
MAZDA,MAZDA6,277,1,
MAZDA,MAZDA6 2.3L I-4 MPI,1,,MAZDA6
MAZDA,MAZDA6 2.3L I4 MFI /,29,,MAZDA6
MAZDA,MAZDA6 2.3L I4 MPI,41,,MAZDA6
MAZDA,MAZDA6 3.0L V6 MFI /,8,,MAZDA6
MAZDA,MAZDA6 3.0L V6 MPI,7,,MAZDA6
MAZDA,MAZDA6 3.0L V6 MPI D,6,,MAZDA6
MAZDA,MIATA MX-5,7,1,
MAZDA,MPV 2WD V6,23,1,MPV
MAZDA,MPV 2WD V6 3.0L V6 M,8,,MPV
MAZDA,MPV 2WD V6 MFI V6 2.,3,,MPV
MAZDA,MPV 2WD V6 MFI V6 3.,3,,MPV
MAZDA,PROTEGE,19,1,
MAZDA,PROTEGE 2.0L I-4 EFI,3,,PROTEGE
MAZDA,PROTEGE 2.0L I4 EFI,14,,PROTEGE
MAZDA,PROTEGE 5,6,,PROTEGE
MAZDA,PROTEGE 5 2.0L I-4 M,8,,PROTEGE
MAZDA,PROTEGE MFI I-4 1.6L,1,,PROTEGE
MAZDA,TRIBUTE 2WD 4C,55,1,TRIBUTE
MAZDA,TRIBUTE 2WD 4C 2.3L,18,,TRIBUTE
MAZDA,TRIBUTE 2WD V6,53,1,TRIBUTE
MAZDA,TRIBUTE 2WD V6 3.0L,44,,TRIBUTE
MAZDA,TRIBUTE 4WD 4C,2,,TRIBUTE
MAZDA,TRIBUTE 4WD V6,19,,TRIBUTE
MAZDA,TRIBUTE 4WD V6 3.0L,13,,TRIBUTE
MERCURY,GRAND MARQUIS,38,1,
MERCURY,GRAND MARQUIS 4.6L V,8,,GRAND MARQUIS
MERCURY,MARINER 2WD 4C,13,1,MARINER
MERCURY,MARINER 2WD 4C 2.3L,4,,MARINER
MERCURY,MARINER 2WD V6,44,1,MARINER
MERCURY,MARINER 2WD V6 3.0L,17,,MARINER
MERCURY,MARINER 4WD 4C,2,,MARINER
MERCURY,MARINER 4WD 4C 2.3L,1,,MARINER
MERCURY,MARINER 4WD V6,38,,MARINER
MERCURY,MARINER 4WD V6 3.0L,44,,MARINER
MERCURY,MILAN 4C,81,1,MILAN
MERCURY,MILAN 4C 2.3L I4 EFI,8,,MILAN
MERCURY,MILAN V6,27,,MILAN
MERCURY,MILAN V6 3.0L V6 EFI,4,,MILAN
MERCURY,MONTEGO,44,1,
MERCURY,MONTEGO 3.0L V6 EFI,31,,MONTEGO
MERCURY,MONTEREY,21,1,
MERCURY,MONTEREY 4.2L V6 SPI,19,,MONTEREY
MERCURY,MOUNTAINEER 2WD V6,16,1,MOUNTAINEER
MERCURY,MOUNTAINEER 2WD V6 4,8,,MOUNTAINEER
MERCURY,MOUNTAINEER 2WD V8,10,,MOUNTAINEER
MERCURY,MOUNTAINEER 2WD V8 4,8,,MOUNTAINEER
MERCURY,MOUNTAINEER AWD V6,14,,MOUNTAINEER
MERCURY,MOUNTAINEER AWD V6 4,11,,MOUNTAINEER
MERCURY,MOUNTAINEER AWD V8,12,,MOUNTAINEER
MERCURY,MOUNTAINEER AWD V8 4,8,,MOUNTAINEER
MERCURY,SABLE,183,1,
MERCURY,SABLE 3.0L V6 2V /EF,38,,SABLE
MERCURY,SABLE 3.0L V6 4V /EF,41,,SABLE
MERCURY,SABLE 3.0L V6 EFI,93,,SABLE
MERCURY,SABLE 3.0L V6 EFI 2B,4,,SABLE
MERCURY,SABLE 3.0L V6 EFI 4B,4,,SABLE
MERCURY,SABLE 3.0L V6 EFI DO,13,,SABLE
MERCURY,SABLE 3.0L V6 EFI SO,4,,SABLE
MERCURY,SABLE 3.5L V6 24V /,2,,SABLE
MINI,COOPER,14,1,
MINI,COOPER 1.6L I-4 EFI,1,,COOPER
MINI,COOPER 1.6L I4 EFI,3,,COOPER
MINI,COOPER S,4,,COOPER
MINI,COOPER S 1.6L I4 EFI,2,,COOPER
MITSUBISHI,ECLIPSE,52,1,
MITSUBISHI,ECLIPSE 2.4L I-4 EFI,4,,ECLIPSE
MITSUBISHI,ECLIPSE 2.4L I4 EFI,8,,ECLIPSE
MITSUBISHI,ECLIPSE 2.4L I4 MPI,6,,ECLIPSE
MITSUBISHI,ECLIPSE 3.0L V6 EFI,6,,ECLIPSE
MITSUBISHI,ECLIPSE 3.8L V6 MPI,1,,ECLIPSE
MITSUBISHI,ECLIPSE EI V6 3.0L S,1,,ECLIPSE
MITSUBISHI,ECLIPSE V6,1,,ECLIPSE
MITSUBISHI,ENDEAVOR AWD,15,,ENDEAVOR
MITSUBISHI,ENDEAVOR AWD 3.8L V6,10,,ENDEAVOR
MITSUBISHI,ENDEAVOR FWD,52,1,ENDEAVOR
MITSUBISHI,ENDEAVOR FWD 3.8L V6,46,,ENDEAVOR
MITSUBISHI,GALANT 4C,306,1,GALANT
MITSUBISHI,GALANT 4C 2.4L I-4 E,6,,GALANT
MITSUBISHI,GALANT 4C 2.4L I4 EF,93,,GALANT
MITSUBISHI,GALANT 4C 2.4L I4 MP,4,,GALANT
MITSUBISHI,GALANT 4C Multiple E,9,,GALANT
MITSUBISHI,GALANT V6,32,,GALANT
MITSUBISHI,GALANT V6 3.0L V6 EF,4,,GALANT
MITSUBISHI,GALANT V6 3.8L V6 MP,7,,GALANT
MITSUBISHI,LANCER,128,1,
MITSUBISHI,LANCER 2.0L I-4 MPI,6,,LANCER
MITSUBISHI,LANCER 2.0L I4 MPI,78,,LANCER
MITSUBISHI,LANCER 2.4L I4 EFI,1,,LANCER
MITSUBISHI,LANCER 2.4L I4 MPI,6,,LANCER
MITSUBISHI,MIRAGE 1.8L I-4 MPI,1,1,
MITSUBISHI,MONTERO 4WD V6,5,1,MONTERO
MITSUBISHI,MONTERO 4WD V6 3.5L,8,,MONTERO
MITSUBISHI,MONTERO 4WD V6 3.8L,1,,MONTERO
MITSUBISHI,MONTERO SPORT 2WD V6,42,1,MONTERO
MITSUBISHI,MONTERO SPORT 4WD V6,11,,MONTERO
MITSUBISHI,OUTLANDER 2WD 4C,25,1,OUTLANDER
MITSUBISHI,OUTLANDER 2WD 4C 2.4,23,1,OUTLANDER
MITSUBISHI,OUTLANDER 2WD V6,1,,OUTLANDER
MITSUBISHI,OUTLANDER AWD 4C,13,,OUTLANDER
MITSUBISHI,OUTLANDER AWD 4C 2.4,5,,OUTLANDER
MITSUBISHI,RAIDER 2WD V6,12,1,RAIDER
MITSUBISHI,RAIDER 2WD V6 3.7L V,1,,RAIDER
NISSAN,350Z,6,1,
NISSAN,350Z 3.5L V6 MPI,1,,350Z
NISSAN,350Z MFI V6 3.5L DOH,1,,350Z
NISSAN,ALTIMA,681,1,
NISSAN,ALTIMA 2.4L I4 EFI,3,,ALTIMA
NISSAN,ALTIMA 2.5L I-4 EFI,5,,ALTIMA
NISSAN,ALTIMA 2.5L I4 EFI,59,,ALTIMA
NISSAN,ALTIMA 2.5L I4 MPI,115,,ALTIMA
NISSAN,ALTIMA 2.5L I4 MPI /,39,,ALTIMA
NISSAN,ALTIMA 3.5L V6 MPI,8,,ALTIMA
NISSAN,ALTIMA 3.5L V6 MPI /,1,,ALTIMA
NISSAN,ALTIMA MFI I-4 2.5L,8,,ALTIMA
NISSAN,ALTIMA MFI V6 3.5L D,2,,ALTIMA
NISSAN,ALTIMA Multiple Engi,1,,ALTIMA
NISSAN,ARMADA 2WD V8,2,1,ARMADA
NISSAN,ARMADA 4WD V8,1,,ARMADA
NISSAN,FRONTIER PICKUP 2WD,53,1,FRONTIER PICKUP
NISSAN,FRONTIER PICKUP 4WD,1,,FRONTIER PICKUP
NISSAN,MAXIMA,91,1,
NISSAN,MAXIMA 3.0L V6 EFI D,4,,MAXIMA
NISSAN,MAXIMA 3.5L V6 MPI,44,,MAXIMA
NISSAN,MAXIMA 3.5L V6 MPI /,9,,MAXIMA
NISSAN,MAXIMA MFI V6 3.5L D,19,,MAXIMA
NISSAN,MURANO 2WD V6,18,1,MURANO
NISSAN,MURANO 2WD V6 3.5L V,11,,MURANO
NISSAN,MURANO AWD V6,4,,MURANO
NISSAN,MURANO AWD V6 3.5L V,2,,MURANO
NISSAN,PATHFINDER 2WD V6,10,1,PATHFINDER
NISSAN,PATHFINDER 2WD V6 3.,2,,PATHFINDER
NISSAN,PATHFINDER 2WD V6 4.,4,,PATHFINDER
NISSAN,PATHFINDER 2WD V6 MF,9,,PATHFINDER
NISSAN,PATHFINDER 4WD V6,15,,PATHFINDER
NISSAN,PATHFINDER 4WD V6 3.,6,,PATHFINDER
NISSAN,PATHFINDER 4WD V6 4.,2,,PATHFINDER
NISSAN,PATHFINDER 4WD V6 MF,4,,PATHFINDER
NISSAN,QUEST,11,1,
NISSAN,QUEST 3.5L V6 EFI /,4,,QUEST
NISSAN,QUEST 3.5L V6 MPI,6,,QUEST
NISSAN,SENTRA,276,1,
NISSAN,SENTRA 1.8L I-4 EFI,5,,SENTRA
NISSAN,SENTRA 1.8L I 4 NA D,2,,SENTRA
NISSAN,SENTRA 1.8L I4 EFI,70,,SENTRA
NISSAN,SENTRA 1.8L I4 EFI /,14,,SENTRA
NISSAN,SENTRA 2.0L I4 EFI,1,,SENTRA
NISSAN,SENTRA 2.5L I-4 EFI,1,,SENTRA
NISSAN,TITAN PICKUP 2WD V8,159,1,TITAN PICKUP
NISSAN,TITAN PICKUP 4WD V8,6,,TITAN PICKUP
NISSAN,VERSA,55,1,
NISSAN,XTERRA 2WD 4C,16,,XTERRA
NISSAN,XTERRA 2WD 4C 2.4L I,10,,XTERRA
NISSAN,XTERRA 2WD V6,106,1,XTERRA
NISSAN,XTERRA 2WD V6 3.3L V,67,,XTERRA
NISSAN,XTERRA 2WD V6 4.0L V,9,,XTERRA
NISSAN,XTERRA 4WD V6,12,,XTERRA
NISSAN,XTERRA 4WD V6 3.3L V,14,,XTERRA
OLDSMOBILE,ALERO 4C,53,1,ALERO
OLDSMOBILE,ALERO 4C 2.2L I-4 MP,4,,ALERO
OLDSMOBILE,ALERO 4C 2.2L I4 MPI,101,1,ALERO
OLDSMOBILE,ALERO 4C 2.4L I-4 SF,1,,ALERO
OLDSMOBILE,ALERO 4C 2.4L I4 SFI,2,,ALERO
OLDSMOBILE,ALERO V6,26,,ALERO
OLDSMOBILE,ALERO V6 3.4L V6 MPI,34,,ALERO
OLDSMOBILE,BRAVADA 2WD V6,1,1,BRAVADA
OLDSMOBILE,BRAVADA 2WD V6 4.2L,1,,BRAVADA
OLDSMOBILE,BRAVADA AWD V6,3,,BRAVADA
OLDSMOBILE,BRAVADA AWD V6 4.2L,3,,BRAVADA
OLDSMOBILE,SILHOUETTE,7,1,
OLDSMOBILE,SILHOUETTE 3.4L V 6,1,,SILHOUETTE
OLDSMOBILE,SILHOUETTE 3.4L V6 S,6,,SILHOUETTE
PLYMOUTH,NEON,1,1,
PLYMOUTH,NEON 2.0L I4 SFI,1,,NEON
PONTIAC,BONNEVILLE,39,1,
PONTIAC,BONNEVILLE 3.8L V6 M,19,,BONNEVILLE
PONTIAC,BONNEVILLE 3.8L V6 S,23,,BONNEVILLE
PONTIAC,FIREBIRD V6,4,1,FIREBIRD
PONTIAC,FIREBIRD V6 3.8L V6,3,,FIREBIRD
PONTIAC,G5 4C,30,1,G5
PONTIAC,G5 4C 2.2L I4 MPI,6,,G5
PONTIAC,G6 4C,351,1,G6
PONTIAC,G6 4C 2.4L I-4 MPI,7,,G6
PONTIAC,G6 4C 2.4L I4 MFI /,31,,G6
PONTIAC,G6 4C 2.4L I4 MPI,59,,G6
PONTIAC,G6 V6,555,1,G6
PONTIAC,G6 V6 3.5L V6 MFI /,10,,G6
PONTIAC,G6 V6 3.5L V6 SFI,175,,G6
PONTIAC,G6 V6 3.9L V6 SFI,4,,G6
PONTIAC,G8 V8,1,,G6
PONTIAC,GRAND AM 4C,61,1,GRAND AM
PONTIAC,GRAND AM 4C 2.2L I-4,2,,GRAND AM
PONTIAC,GRAND AM 4C 2.2L I4,68,,GRAND AM
PONTIAC,GRAND AM 4C 2.4L I-4,5,,GRAND AM
PONTIAC,GRAND AM V6,148,1,GRAND AM
PONTIAC,GRAND AM V6 3.4L V 6,1,,GRAND AM
PONTIAC,GRAND AM V6 3.4L V6,170,1,GRAND AM
PONTIAC,GRAND AM V6 Unspecif,6,,GRAND AM
PONTIAC,GRAND PRIX,885,1,
PONTIAC,GRAND PRIX 3.1L V6 S,40,,GRAND PRIX
PONTIAC,GRAND PRIX 3.8L V6 M,31,,GRAND PRIX
PONTIAC,GRAND PRIX 3.8L V6 S,862,1,GRAND PRIX
PONTIAC,GRAND PRIX 5.3L V8 S,1,,GRAND PRIX
PONTIAC,MONTANA,47,1,
PONTIAC,MONTANA 3.4L V 6 NA,2,,MONTANA
PONTIAC,MONTANA 3.4L V6 EFI,41,1,MONTANA
PONTIAC,MONTANA 3.4L V6 SFI,20,,MONTANA
PONTIAC,MONTANA AWD,5,,MONTANA
PONTIAC,MONTANA AWD 3.5L V6,5,,MONTANA
PONTIAC,MONTANA FWD,42,1,MONTANA
PONTIAC,MONTANA FWD 3.4L V6,16,,MONTANA
PONTIAC,MONTANA FWD 3.5L V6,44,1,MONTANA
PONTIAC,SOLSTICE,4,1,
PONTIAC,SUNFIRE,88,1,
PONTIAC,SUNFIRE 2.2L I-4 MPI,4,,SUNFIRE
PONTIAC,SUNFIRE 2.2L I 4 NA,1,,SUNFIRE
PONTIAC,SUNFIRE 2.2L I4 MPI,76,,SUNFIRE
PONTIAC,TORRENT AWD V6,4,,TORRENT
PONTIAC,TORRENT FWD V6,43,1,TORRENT
PONTIAC,TORRENT FWD V6 3.4L,19,,TORRENT
PONTIAC,VIBE,137,1,
PONTIAC,VIBE 1.8L I-4 MPI,13,,VIBE
PONTIAC,VIBE 1.8L I4 MFI / M,6,,VIBE
PONTIAC,VIBE 1.8L I4 MPI,39,,VIBE
PONTIAC,VIBE AWD,3,,VIBE
PONTIAC,VIBE AWD 1.8L I4 MPI,1,,VIBE
PONTIAC,VIBE AWD MFI I-4 1.8,1,,VIBE
SATURN,AURA,56,1,
SATURN,AURA 3.5L V6 SFI,6,,AURA
SATURN,AURA 4C,14,,AURA
SATURN,AURA V6,74,1,AURA
SATURN,AURA V6 3.5L V6 SFI,4,,AURA
SATURN,COUPE,5,1,
SATURN,COUPE 1.9L I-4 SFI D,3,,COUPE
SATURN,COUPE 1.9L I-4 SFI S,5,,COUPE
SATURN,ION,720,1,
SATURN,ION 2.0L I-4 MPI DOH,13,,ION
SATURN,ION 2.0L I4 MPI,29,,ION
SATURN,ION 2.2L I-4 EFI DOH,4,,ION
SATURN,ION 2.2L I-4 MPI DOH,19,,ION
SATURN,ION 2.2L I4 EFI,214,,ION
SATURN,ION 2.2L I4 EFI / SF,77,,ION
SATURN,ION 2.2L I4 MPI,28,,ION
SATURN,ION 2.2L I4 MPI / SF,24,,ION
SATURN,L SERIES,179,1,
SATURN,L SERIES 2.0L I-4 MP,9,,L SERIES
SATURN,L SERIES 2.0L I4 MPI,26,,L SERIES
SATURN,L SERIES 2.2L I-4 EF,4,,L SERIES
SATURN,L SERIES 2.2L I4 MPI,29,,L SERIES
SATURN,L SERIES 2.2L I4 SFI,2,,L SERIES
SATURN,L SERIES 3.0L V6 EFI,72,,L SERIES
SATURN,RELAY 2WD V6,39,1,RELAY
SATURN,RELAY 2WD V6 3.5L V6,28,,RELAY
SATURN,RELAY 2WD V6 3.9L V6,1,,RELAY
SATURN,RELAY AWD V6,1,,RELAY
SATURN,S SERIES,49,1,
SATURN,S SERIES 1.9L I-4 SF,18,,S SERIES
SATURN,S SERIES 1.9L I4 SFI,36,,S SERIES
SATURN,VUE 2WD 4C,170,1,VUE
SATURN,VUE 2WD 4C 2.2L I-4,21,,VUE
SATURN,VUE 2WD 4C 2.2L I4 M,72,,VUE
SATURN,VUE 2WD V6,52,,VUE
SATURN,VUE 2WD V6 3.0L V6 S,5,,VUE
SATURN,VUE 2WD V6 3.5L V6 M,19,,VUE
SATURN,VUE AWD 4C,5,,VUE
SATURN,VUE AWD 4C 2.2L I-4,1,,VUE
SATURN,VUE AWD 4C 2.2L I4 M,6,,VUE
SATURN,VUE AWD V6,20,,VUE
SATURN,VUE AWD V6 3.0L V6 S,1,,VUE
SATURN,VUE AWD V6 3.5L V6 M,3,,VUE
SCION,TC,16,1,
SCION,TC 2.4L I-4 EFI DOHC,5,,TC
SCION,TC 2.4L I4 16V / EFI,1,,TC
SCION,XA,16,1,
SCION,XA 1.5L I4 EFI,1,,XA
SCION,XB,50,1,
SCION,XB 1.5L I-4 EFI DOHC,14,,XB
SCION,XB 1.5L I-4 MPI,3,,XB
SCION,XB 1.5L I4 EFI,15,,XB
SCION,XD,8,1,
SUBARU,FORESTER AWD,7,1,
SUBARU,IMPREZA,4,1,
SUBARU,LEGACY,11,1,
SUBARU,OUTBACK,6,1,
SUZUKI,AERIO,22,1,
SUZUKI,AERIO 2.0L I4 EFI,5,,AERIO
SUZUKI,AERIO 2.3L I-4 SFI D,6,,AERIO
SUZUKI,AERIO 2.3L I4 DI / S,5,,AERIO
SUZUKI,AERIO 2.3L I4 SFI,8,,AERIO
SUZUKI,AERIO AWD,2,,AERIO
SUZUKI,FORENZA,649,1,
SUZUKI,FORENZA 2.0L I4 DI /,8,,FORENZA
SUZUKI,FORENZA 2.0L I4 EFI,356,,FORENZA
SUZUKI,GRAND VITARA 2WD,22,1,GRAND VITARA
SUZUKI,GRAND VITARA 2WD 2.5,2,,GRAND VITARA
SUZUKI,GRAND VITARA 2WD 2.7,8,,GRAND VITARA
SUZUKI,GRAND VITARA 4WD,4,,GRAND VITARA
SUZUKI,GRAND VITARA 4WD 2.7,2,,GRAND VITARA
SUZUKI,GRAND VITARA 4WD MFI,1,,GRAND VITARA
SUZUKI,RENO,102,1,
SUZUKI,RENO 2.0L I-4 EFI DO,2,,RENO
SUZUKI,RENO 2.0L I4 DI / EF,18,,RENO
SUZUKI,RENO 2.0L I4 EFI,33,,RENO
SUZUKI,SX4,12,1,
SUZUKI,SX4 2.0L I4 EFI,1,,SX4
SUZUKI,VERONA,3,1,
SUZUKI,VERONA 2.5L I-6 MPI,5,,VERONA
SUZUKI,VERONA 2.5L I6 DI /,1,,VERONA
SUZUKI,VERONA 2.5L I6 MPI,10,,VERONA
SUZUKI,VITARA 2WD 4C 2.0L I,1,1,VITARA
SUZUKI,VITARA 2WD 4C MFI V6,2,,VITARA
SUZUKI,XL-7 2WD,18,1,XL-7
SUZUKI,XL-7 2WD 2.7L V6 DI,2,,XL-7
SUZUKI,XL-7 2WD 2.7L V6 MFI,6,,XL-7
SUZUKI,XL-7 2WD 3.6L V6 EFI,1,,XL-7
SUZUKI,XL-7 4WD,7,,XL-7
SUZUKI,XL-7 4WD 2.7L V6 MFI,2,,XL-7
SUZUKI,XL-7 4WD 2.7L V6 MPI,2,,XL-7
TOYOTA,4 RUNNER 2WD V6,2,1,4 RUNNER
TOYOTA,4 RUNNER 2WD V6 3.4L,3,,4 RUNNER
TOYOTA,4 RUNNER 2WD V8,3,,4 RUNNER
TOYOTA,4 RUNNER 2WD V8 4.7L,1,,4 RUNNER
TOYOTA,4 RUNNER 4WD V6,1,,4 RUNNER
TOYOTA,4 RUNNER 4WD V6 3.4L,1,,4 RUNNER
TOYOTA,AVALON,14,1,
TOYOTA,AVALON 3.0L V6 EFI,1,,AVALON
TOYOTA,AVALON 3.0L V6 EFI D,1,,AVALON
TOYOTA,AVALON 3.5L V6 EFI,1,,AVALON
TOYOTA,CAMRY 4C,372,1,CAMRY
TOYOTA,CAMRY 4C 2.4L I-4 EF,11,,CAMRY
TOYOTA,CAMRY 4C 2.4L I-4 SF,21,,CAMRY
TOYOTA,CAMRY 4C 2.4L I4 EFI,7,,CAMRY
TOYOTA,CAMRY 4C 2.4L I4 SFI,61,,CAMRY
TOYOTA,CAMRY 4C EI I-4 2.2L,1,,CAMRY
TOYOTA,CAMRY 4C Multiple En,3,,CAMRY
TOYOTA,CAMRY SOLARA 4C,21,,CAMRY
TOYOTA,CAMRY SOLARA 4C 2.4L,4,,CAMRY
TOYOTA,CAMRY SOLARA 4C Mult,2,,CAMRY
TOYOTA,CAMRY SOLARA V6,16,,CAMRY
TOYOTA,CAMRY SOLARA V6 3.0L,4,,CAMRY
TOYOTA,CAMRY SOLARA V6 3.3L,2,,CAMRY
TOYOTA,CAMRY V6,69,,CAMRY
TOYOTA,CAMRY V6 3.0L / 3.3L,1,,CAMRY
TOYOTA,CAMRY V6 3.0L /3.3L,1,,CAMRY
TOYOTA,CAMRY V6 3.0L V6 EFI,3,,CAMRY
TOYOTA,CAMRY V6 3.0L V6 SFI,6,,CAMRY
TOYOTA,CAMRY V6 3.5L V6 SFI,4,,CAMRY
TOYOTA,CELICA,6,1,
TOYOTA,COROLLA,177,1,
TOYOTA,COROLLA 1.8L I-4 EFI,5,,COROLLA
TOYOTA,COROLLA 1.8L I4 EFI,8,,COROLLA
TOYOTA,COROLLA Multiple Eng,4,,COROLLA
TOYOTA,ECHO,3,1,
TOYOTA,ECHO 1.5L I-4 EFI DO,1,,ECHO
TOYOTA,ECHO 1.5L I4 EFI,1,,ECHO
TOYOTA,ECHO Multiple Engine,1,,ECHO
TOYOTA,FJ CRUISER 4WD V6,1,1,
TOYOTA,HIGHLANDER 2WD 4C,10,1,HIGHLANDER
TOYOTA,HIGHLANDER 2WD 4C 2.,3,,HIGHLANDER
TOYOTA,HIGHLANDER 2WD V6,13,1,HIGHLANDER
TOYOTA,HIGHLANDER 2WD V6 3.,5,,HIGHLANDER
TOYOTA,HIGHLANDER 4WD 4C,2,,HIGHLANDER
TOYOTA,HIGHLANDER 4WD V6,4,,HIGHLANDER
TOYOTA,HIGHLANDER 4WD V6 3.,1,,HIGHLANDER
TOYOTA,MATRIX 2WD,106,1,MATRIX
TOYOTA,MATRIX 2WD 1.8L I-4,9,,MATRIX
TOYOTA,MATRIX 2WD Multiple,4,,MATRIX
TOYOTA,MATRIX 2WD Unspecifi,1,,MATRIX
TOYOTA,MATRIX AWD,1,,MATRIX
TOYOTA,MR2 SPYDER,1,1,
TOYOTA,RAV-4 2WD,9,1,RAV-4
TOYOTA,RAV-4 2WD Multiple E,1,,RAV-4
TOYOTA,RAV-4 4WD,2,,RAV-4
TOYOTA,SCION XB,4,1,
TOYOTA,SEQUOIA 2WD,7,1,SEQUOIA
TOYOTA,SEQUOIA 2WD 4.7L V8,6,,SEQUOIA
TOYOTA,SEQUOIA 4WD,1,,SEQUOIA
TOYOTA,SEQUOIA 4WD 4.7L V8,1,,SEQUOIA
TOYOTA,SIENNA,1,1,
TOYOTA,SIENNA 3.0L V6 MPI,2,,SIENNA
TOYOTA,SIENNA 3.0L V6 MPI D,2,,SIENNA
TOYOTA,TACOMA PICKUP 2WD 4C,6,1,TACOMA PICKUP
TOYOTA,TACOMA PICKUP 2WD V6,3,,TACOMA PICKUP
TOYOTA,TUNDRA PICKUP 2WD V6,9,1,TUNDRA PICKUP
TOYOTA,TUNDRA PICKUP 2WD V8,43,1,TUNDRA PICKUP
TOYOTA,TUNDRA PICKUP 4WD V8,5,,TUNDRA PICKUP
TOYOTA,YARIS,37,1,
TOYOTA,YARIS 1.5L I4 EFI /,1,,YARIS
TOYOTA SCION,XA 1.5L I4 EFI,1,1,
VOLKSWAGEN,BEETLE,32,1,
VOLKSWAGEN,BEETLE 2.0L I4 EFI,4,,BEETLE
VOLKSWAGEN,BEETLE 2.0L I4 EFI /,4,,BEETLE
VOLKSWAGEN,BEETLE 2.0L I4 MFI /,13,,BEETLE
VOLKSWAGEN,BEETLE 2.0L I4 MPI,5,,BEETLE
VOLKSWAGEN,JETTA 4C,3,1,JETTA
VOLKSWAGEN,JETTA 5C,69,1,JETTA
VOLKSWAGEN,PASSAT 4C,1,1,
VOLKSWAGEN,RABBIT,2,1,
VOLKSWAGEN,TOUAREG V8,1,1,
VOLVO,S40,36,1,
VOLVO,S60,1,1,
